<?xml version="1.0" encoding="UTF-8" standalone="yes"?>
<FATCAIDESSenderFileMetadata xmlns="urn:fatca:idessenderfilemetadata">
    <FATCAEntitySenderId>000000.00000.TA.124</FATCAEntitySenderId>
    <FATCAEntityReceiverId>000000.00000.TA.840</FATCAEntityReceiverId>
    <FATCAEntCommunicationTypeCd>RPT</FATCAEntCommunicationTypeCd>
    <SenderFileId>20170518T120101782Z_000000.00000.TA.124.zip</SenderFileId>
    <FileFormatCd>XML</FileFormatCd>
    <BinaryEncodingSchemeCd>NONE</BinaryEncodingSchemeCd>
    <FileCreateTs>20170518120101782</FileCreateTs>
    <TaxYear>2016</TaxYear>
    <FileRevisionInd>false</FileRevisionInd>
</FATCAIDESSenderFileMetadata>
