<?xml version="1.0" encoding="UTF-8" standalone="yes"?>
<FATCAIDESSenderFileMetadata xmlns="urn:fatca:idessenderfilemetadata">
    <FATCAEntitySenderId>000000.00000.TA.840</FATCAEntitySenderId>
    <FATCAEntityReceiverId>2IW3WK.00000.LE.152</FATCAEntityReceiverId>
    <FATCAEntCommunicationTypeCd>NTF</FATCAEntCommunicationTypeCd>
    <SenderFileId>NTF.185</SenderFileId>
    <FileFormatCd>XML</FileFormatCd>
    <BinaryEncodingSchemeCd>NONE</BinaryEncodingSchemeCd>
    <FileCreateTs>2016-11-23T17:43:28.028Z</FileCreateTs>
    <TaxYear>2015</TaxYear>
    <FileRevisionInd>false</FileRevisionInd>
    <OriginalIDESTransmissionId>152F+84k1YOeIAIRbt5BPPjkj7BlgoUX</OriginalIDESTransmissionId>
    <SenderContactEmailAddressTxt>http://www.irs.gov/Businesses/Corporations/FATCA-Error-Notifications</SenderContactEmailAddressTxt>
</FATCAIDESSenderFileMetadata>
